node, cf
db_rt[1],6.535642403657486
odr_qt[1],5.983819679769945
login_rt[1],5.158346711333812
