node, cf
db_rt[1],6.535642403657486
wcs_rt[1],3.012249444750588
odr_qt[1],6.488639718655337
