node, cf
db_rt[1],6.535642403657486
odr_qt[1],6.488639718655337
