node, cf
db_rt[1],0.667
es_rt[1],0.5550000000000004
odr_qt[1],0.5
login_rt[1],0.4940000000000003
