node, cf
odr_qt[2],4.531040006747271
db_rt[2],4.095284691025763
db_rt[2],4.095284691025763
