node, cf
db_rt[3],0.865
odr_qt[2],4.531040006747271
db_rt[2],4.396564475765041
odr_qt[2],4.531040006747271
