node, cf
wcs_rt[2],4.904491037627913
odr_qt[2],4.531040006747271
db_rt[2],4.396564475765041
