node, cf
solr_rt[2],4.548478873363946
odr_qt[2],4.531040006747271
db_rt[2],4.095284691025763
