node, cf
es_rt[2],8.264237680743134
odr_qt[2],4.531040006747271
db_rt[2],4.095284691025763
