node, cf
odr_qt[2],4.531040006747271
db_rt[2],4.396564475765041
login_rt[2],0.6004317084792666
