node, cf
db_rt[2],10.14940443872556
db_rt[2],10.14940443872556
