node, cf
db_rt[2],10.896070571908405
db_rt[2],10.896070571908405
odr_qt[2],13.2293138883132
