node, cf
odr_qt[1],11.96763935953989
db_rt[1],9.798564323324566
