node, cf
db_rt[1],9.798564323324567E-5
db_rt[1],9.798564323324566
es_rt[1],9.334589302016466
login_rt[1],10.441997391363985
odr_qt[1],14.580671349356011
