node, cf
db_rt[1],9.798564323324567E-5
db_rt[1],9.798564323324566
odr_qt[1],14.580671349356011
