node, cf
db_rt[1],9.798564323324566
db_rt[1],9.798564323324566
db_rt[1],9.798564323324566
db_rt[1],9.798564323324566
